{
    "B_alea": [
        0.68,
        4.14,
        6.75,
        14.26,
        13.71,
        14.4,
        16.83,
        18.17,
        18.9,
        19.44,
        19.14,
        21.97,
        21.43,
        21.14,
        21.54,
        23.11,
        23.12,
        24.49,
        24.24,
        29.1,
        25.65,
        21.44,
        26.93,
        27.19,
        27.06,
        20.95,
        24.11,
        25.86,
        12.52
    ],
    "B": [
        0.68,
        4.14,
        6.75,
        14.26,
        13.71,
        14.4,
        16.83,
        17.19,
        18.17,
        19.18,
        18.9,
        19.44,
        19.14,
        21.97,
        21.43,
        21.14,
        21.54,
        23.11,
        21.5,
        23.12,
        24.49,
        24.24,
        29.1,
        25.65,
        23.8,
        21.44,
        29.83,
        26.93,
        27.19,
        27.06,
        20.95,
        30.73,
        28.16,
        24.11,
        25.86,
        24.46,
        12.52
    ],
    "A_alea": [
        [
            1,
            0.4,
            0.16000000000000003,
            1,
            1,
            1,
            1
        ],
        [
            1,
            0.9,
            0.81,
            2,
            4,
            1,
            1
        ],
        [
            1,
            1.4,
            1.9599999999999997,
            3,
            9,
            1,
            1
        ],
        [
            1,
            2.0,
            4.0,
            4,
            16,
            1,
            1
        ],
        [
            1,
            2.4,
            5.76,
            5,
            25,
            1,
            1
        ],
        [
            1,
            2.7,
            7.290000000000001,
            6,
            36,
            1,
            1
        ],
        [
            1,
            2.1,
            4.41,
            7,
            49,
            1,
            1
        ],
        [
            1,
            4.5,
            20.25,
            9,
            81,
            1,
            1
        ],
        [
            1,
            4.8,
            23.04,
            11,
            121,
            1,
            1
        ],
        [
            1,
            5.4,
            29.160000000000004,
            12,
            144,
            1,
            1
        ],
        [
            1,
            5.6,
            31.359999999999996,
            13,
            169,
            1,
            1
        ],
        [
            1,
            5.5,
            30.25,
            14,
            196,
            1,
            1
        ],
        [
            1,
            5.7,
            32.49,
            15,
            225,
            1,
            1
        ],
        [
            1,
            5.3,
            28.09,
            16,
            256,
            1,
            1
        ],
        [
            1,
            5.5,
            30.25,
            17,
            289,
            1,
            1
        ],
        [
            1,
            5.5,
            30.25,
            18,
            324,
            1,
            1
        ],
        [
            1,
            5.3,
            28.09,
            20,
            400,
            1,
            1
        ],
        [
            1,
            5.7,
            32.49,
            21,
            441,
            1,
            1
        ],
        [
            1,
            5.5,
            30.25,
            22,
            484,
            1,
            1
        ],
        [
            1,
            6.8,
            46.239999999999995,
            23,
            529,
            1,
            1
        ],
        [
            1,
            6.0,
            36.0,
            24,
            576,
            1,
            1
        ],
        [
            1,
            5.2,
            27.040000000000003,
            26,
            676,
            1,
            1
        ],
        [
            1,
            5.8,
            33.64,
            28,
            784,
            1,
            1
        ],
        [
            1,
            6.3,
            39.69,
            29,
            841,
            1,
            1
        ],
        [
            1,
            6.4,
            40.96000000000001,
            30,
            900,
            1,
            1
        ],
        [
            1,
            4.9,
            24.010000000000005,
            31,
            961,
            1,
            1
        ],
        [
            1,
            5.6,
            31.359999999999996,
            34,
            1156,
            1,
            1
        ],
        [
            1,
            6.0,
            36.0,
            35,
            1225,
            1,
            1
        ],
        [
            1,
            3.0,
            9.0,
            37,
            1369,
            1,
            1
        ]
    ],
    "X": [
        0.7073925962361745,
        3.2699542252815874,
        -0.05986647071432255,
        0.41744907605258497,
        -0.00798788881360668,
        0.7073925962361768,
        0.707392596236177
    ],