{
    "A_alea": [
        [
            1,
            0.4,
            0.16000000000000003,
            1,
            1,
            1,
            1
        ],
        [
            1,
            0.9,
            0.81,
            2,
            4,
            1,
            1
        ],
        [
            1,
            1.4,
            1.9599999999999997,
            3,
            9,
            1,
            1
        ],
        [
            1,
            2.2,
            4.840000000000001,
            4,
            16,
            1,
            1
        ],
        [
            1,
            3.5,
            12.25,
            5,
            25,
            1,
            1
        ],
        [
            1,
            3.8,
            14.44,
            6,
            36,
            1,
            1
        ],
        [
            1,
            4.8,
            23.04,
            8,
            64,
            1,
            1
        ],
        [
            1,
            4.9,
            24.010000000000005,
            9,
            81,
            1,
            1
        ],
        [
            1,
            5.0,
            25.0,
            10,
            100,
            1,
            1
        ],
        [
            1,
            5.1,
            26.009999999999998,
            11,
            121,
            1,
            1
        ],
        [
            1,
            5.8,
            33.64,
            12,
            144,
            1,
            1
        ],
        [
            1,
            5.0,
            25.0,
            15,
            225,
            1,
            1
        ],
        [
            1,
            4.2,
            17.64,
            17,
            289,
            1,
            1
        ],
        [
            1,
            1.7,
            2.8899999999999997,
            18,
            324,
            1,
            1
        ]
    ],
    "B": [
        9.64,
        10.3,
        11.24,
        12.43,
        12.98,
        13.22,
        15.15,
        15.72,
        16.19,
        17.95,
        19.04,
        22.69,
        21.7,
        18.62,
        20.35,
        10.81,
        24.03,
        7.66
    ],
    "A": [
        [
            1,
            0.4,
            0.16000000000000003,
            1,
            1,
            1,
            1
        ],
        [
            1,
            0.9,
            0.81,
            2,
            4,
            1,
            1
        ],
        [
            1,
            1.4,
            1.9599999999999997,
            3,
            9,
            1,
            1
        ],
        [
            1,
            2.2,
            4.840000000000001,
            4,
            16,
            1,
            1
        ],
        [
            1,
            3.5,
            12.25,
            5,
            25,
            1,
            1
        ],
        [
            1,
            3.8,
            14.44,
            6,
            36,
            1,
            1
        ],
        [
            1,
            4.5,
            20.25,
            7,
            49,
            1,
            1
        ],
        [
            1,
            4.8,
            23.04,
            8,
            64,
            1,
            1
        ],
        [
            1,
            4.9,
            24.010000000000005,
            9,
            81,
            1,
            1
        ],
        [
            1,
            5.0,
            25.0,
            10,
            100,
            1,
            1
        ],
        [
            1,
            5.1,
            26.009999999999998,
            11,
            121,
            1,
            1
        ],
        [
            1,
            5.8,
            33.64,
            12,
            144,
            1,
            1
        ],
        [
            1,
            4.8,
            23.04,
            13,
            169,
            1,
            1
        ],
        [
            1,
            4.3,
            18.49,
            14,
            196,
            1,
            1
        ],
        [
            1,
            5.0,
            25.0,
            15,
            225,
            1,
            1
        ],
        [
            1,
            2.9,
            8.41,
            16,
            256,
            1,
            1
        ],
        [
            1,
            4.2,
            17.64,
            17,
            289,
            1,
            1
        ],
        [
            1,
            1.7,
            2.8899999999999997,
            18,
            324,
            1,
            1
        ]
    ],
    "diff": 8.686514914288956,
    "B_alea": [
        9.64,
        10.3,
        11.24,
        12.43,
        12.98,
        13.22,
        15.72,
        16.19,
        17.95,
        19.04,
        22.69,
        20.35,
        24.03,
        7.66
    ],
    "name": "lactation 1",
    "X": [
        4.566611784164171,
        6.037897072434571,
        0.02506204708828541,
        -5.187448438790431,
        0.24320541624952252,
        4.566611784164165,
        4.566611784164166
    ]
}