{
    "A_alea": [
        [
            1,
            0.5,
            0.25,
            1,
            1,
            3,
            9
        ],
        [
            1,
            1.2,
            1.44,
            2,
            4,
            3,
            9
        ],
        [
            1,
            1.4,
            1.9599999999999997,
            3,
            9,
            3,
            9
        ],
        [
            1,
            1.3,
            1.6900000000000002,
            5,
            25,
            3,
            9
        ]
    ],
    "diff": 8.647707217927923,
    "X": [
        -0.04820130102691453,
        -14.72792600412811,
        7.654180005897349,
        14.869567593040951,
        -2.2728311990563976,
        -0.14460390307909143,
        -0.4338117092367333
    ],
    "B": [
        2.76,
        9.61,
        14.15,
        18.82,
        6.93
    ],
    "A": [
        [
            1,
            0.5,
            0.25,
            1,
            1,
            3,
            9
        ],
        [
            1,
            1.2,
            1.44,
            2,
            4,
            3,
            9
        ],
        [
            1,
            1.4,
            1.9599999999999997,
            3,
            9,
            3,
            9
        ],
        [
            1,
            2.4,
            5.76,
            4,
            16,
            3,
            9
        ],
        [
            1,
            1.3,
            1.6900000000000002,
            5,
            25,
            3,
            9
        ]
    ],
    "B_alea": [
        2.76,
        9.61,
        14.15,
        6.93
    ],
    "name": "lactation 3"
}