{
    "A_alea": [
        [
            1,
            4.6,
            21.159999999999997,
            1,
            1,
            3,
            9
        ],
        [
            1,
            5.3,
            28.09,
            2,
            4,
            3,
            9
        ],
        [
            1,
            4.1,
            16.81,
            3,
            9,
            3,
            9
        ],
        [
            1,
            5.1,
            26.009999999999998,
            4,
            16,
            3,
            9
        ],
        [
            1,
            5.6,
            31.359999999999996,
            5,
            25,
            3,
            9
        ],
        [
            1,
            5.1,
            26.009999999999998,
            6,
            36,
            3,
            9
        ],
        [
            1,
            5.8,
            33.64,
            7,
            49,
            3,
            9
        ]
    ],
    "diff": 27.61628964077157,
    "X": [
        1.4164584306200652,
        -49.14026849672528,
        5.241200668858866,
        1.404654619933825,
        0.0037156454684819096,
        4.249375291860406,
        12.74812587558084
    ],
    "B": [
        10.91,
        15.69,
        17.18,
        19.46,
        22.99,
        24.32,
        21.52,
        31.14,
        14.73
    ],
    "A": [
        [
            1,
            4.8,
            23.04,
            0,
            0,
            3,
            9
        ],
        [
            1,
            4.6,
            21.159999999999997,
            1,
            1,
            3,
            9
        ],
        [
            1,
            5.3,
            28.09,
            2,
            4,
            3,
            9
        ],
        [
            1,
            4.1,
            16.81,
            3,
            9,
            3,
            9
        ],
        [
            1,
            5.1,
            26.009999999999998,
            4,
            16,
            3,
            9
        ],
        [
            1,
            5.6,
            31.359999999999996,
            5,
            25,
            3,
            9
        ],
        [
            1,
            5.1,
            26.009999999999998,
            6,
            36,
            3,
            9
        ],
        [
            1,
            5.8,
            33.64,
            7,
            49,
            3,
            9
        ],
        [
            1,
            2.9,
            8.41,
            8,
            64,
            3,
            9
        ]
    ],
    "B_alea": [
        15.69,
        17.18,
        19.46,
        22.99,
        24.32,
        21.52,
        31.14
    ],
    "name": "lactation 3"
}