{
    "A_alea": [
        [
            1,
            2.0,
            4.0,
            1,
            1,
            2,
            4
        ],
        [
            1,
            2.5,
            6.25,
            2,
            4,
            2,
            4
        ],
        [
            1,
            2.6,
            6.760000000000001,
            3,
            9,
            2,
            4
        ],
        [
            1,
            3.0,
            9.0,
            4,
            16,
            2,
            4
        ],
        [
            1,
            3.0,
            9.0,
            6,
            36,
            2,
            4
        ],
        [
            1,
            4.4,
            19.360000000000003,
            7,
            49,
            2,
            4
        ],
        [
            1,
            3.6,
            12.96,
            8,
            64,
            2,
            4
        ],
        [
            1,
            4.8,
            23.04,
            9,
            81,
            2,
            4
        ],
        [
            1,
            4.2,
            17.64,
            10,
            100,
            2,
            4
        ],
        [
            1,
            4.7,
            22.090000000000003,
            11,
            121,
            2,
            4
        ],
        [
            1,
            4.7,
            22.090000000000003,
            12,
            144,
            2,
            4
        ],
        [
            1,
            5.6,
            31.359999999999996,
            14,
            196,
            2,
            4
        ]
    ],
    "diff": 10.346455054874108,
    "X": [
        0.18180717482789605,
        -5.928721490682536,
        1.2955202601771079,
        4.882476717841999,
        -0.29163006946969094,
        0.3636143496558337,
        0.7272286993116683
    ],
    "B": [
        5.21,
        2.56,
        3.9,
        6.31,
        16.35,
        17.94,
        17.62,
        24.63,
        19.77,
        23.04,
        20.54,
        22.21,
        20.94,
        25.28,
        23.7
    ],
    "A": [
        [
            1,
            1.6,
            2.5600000000000005,
            0,
            0,
            2,
            4
        ],
        [
            1,
            2.0,
            4.0,
            1,
            1,
            2,
            4
        ],
        [
            1,
            2.5,
            6.25,
            2,
            4,
            2,
            4
        ],
        [
            1,
            2.6,
            6.760000000000001,
            3,
            9,
            2,
            4
        ],
        [
            1,
            3.0,
            9.0,
            4,
            16,
            2,
            4
        ],
        [
            1,
            3.1,
            9.610000000000001,
            5,
            25,
            2,
            4
        ],
        [
            1,
            3.0,
            9.0,
            6,
            36,
            2,
            4
        ],
        [
            1,
            4.4,
            19.360000000000003,
            7,
            49,
            2,
            4
        ],
        [
            1,
            3.6,
            12.96,
            8,
            64,
            2,
            4
        ],
        [
            1,
            4.8,
            23.04,
            9,
            81,
            2,
            4
        ],
        [
            1,
            4.2,
            17.64,
            10,
            100,
            2,
            4
        ],
        [
            1,
            4.7,
            22.090000000000003,
            11,
            121,
            2,
            4
        ],
        [
            1,
            4.7,
            22.090000000000003,
            12,
            144,
            2,
            4
        ],
        [
            1,
            5.5,
            30.25,
            13,
            169,
            2,
            4
        ],
        [
            1,
            5.6,
            31.359999999999996,
            14,
            196,
            2,
            4
        ]
    ],
    "B_alea": [
        2.56,
        3.9,
        6.31,
        16.35,
        17.62,
        24.63,
        19.77,
        23.04,
        20.54,
        22.21,
        20.94,
        23.7
    ],
    "name": "lactation 2"
}